ID,Common_name,Binomial,Country,Region,Genus,Species,Year,Population
111,African elephant,Loxodonta_africana,South Africa,Africa,Loxodonta,africana,1967,6000.0
111,African elephant,Loxodonta_africana,South Africa,Africa,Loxodonta,africana,1968,6400.0
111,African elephant,Loxodonta_africana,South Africa,Africa,Loxodonta,africana,1969,7600.0
111,African elephant,Loxodonta_africana,South Africa,Africa,Loxodonta,africana,1970,8200.0
111,African elephant,Loxodonta_africana,South Africa,Africa,Loxodonta,africana,1971,8700.0
111,African elephant,Loxodonta_africana,South Africa,Africa,Loxodonta,africana,1972,7800.0
111,African elephant,Loxodonta_africana,South Africa,Africa,Loxodonta,africana,1973,7500.0
111,African elephant,Loxodonta_africana,South Africa,Africa,Loxodonta,africana,1974,7800.0
111,African elephant,Loxodonta_africana,South Africa,Africa,Loxodonta,africana,1975,7600.0
111,African elephant,Loxodonta_africana,South Africa,Africa,Loxodonta,africana,1976,7400.0
111,African elephant,Loxodonta_africana,South Africa,Africa,Loxodonta,africana,1977,7000.0
111,African elephant,Loxodonta_africana,South Africa,Africa,Loxodonta,africana,1978,7500.0
111,African elephant,Loxodonta_africana,South Africa,Africa,Loxodonta,africana,1979,7300.0
111,African elephant,Loxodonta_africana,South Africa,Africa,Loxodonta,africana,1980,7250.0
111,African elephant,Loxodonta_africana,South Africa,Africa,Loxodonta,africana,1981,7200.0
111,African elephant,Loxodonta_africana,South Africa,Africa,Loxodonta,africana,1982,8000.0
111,African elephant,Loxodonta_africana,South Africa,Africa,Loxodonta,africana,1983,8500.0
111,African elephant,Loxodonta_africana,South Africa,Africa,Loxodonta,africana,1984,8300.0
111,African elephant,Loxodonta_africana,South Africa,Africa,Loxodonta,africana,1985,6800.0
111,African elephant,Loxodonta_africana,South Africa,Africa,Loxodonta,africana,1986,7400.0
111,African elephant,Loxodonta_africana,South Africa,Africa,Loxodonta,africana,1987,6900.0
111,African elephant,Loxodonta_africana,South Africa,Africa,Loxodonta,africana,1988,7200.0
111,African elephant,Loxodonta_africana,South Africa,Africa,Loxodonta,africana,1989,7300.0
111,African elephant,Loxodonta_africana,South Africa,Africa,Loxodonta,africana,1990,7200.0
111,African elephant,Loxodonta_africana,South Africa,Africa,Loxodonta,africana,1991,7250.0
111,African elephant,Loxodonta_africana,South Africa,Africa,Loxodonta,africana,1992,7400.0
111,African elephant,Loxodonta_africana,South Africa,Africa,Loxodonta,africana,1993,7600.0
111,African elephant,Loxodonta_africana,South Africa,Africa,Loxodonta,africana,1994,7900.0
111,African elephant,Loxodonta_africana,South Africa,Africa,Loxodonta,africana,1995,8100.0
111,African elephant,Loxodonta_africana,South Africa,Africa,Loxodonta,africana,1996,8300.0
111,African elephant,Loxodonta_africana,South Africa,Africa,Loxodonta,africana,1997,8300.0
111,African elephant,Loxodonta_africana,South Africa,Africa,Loxodonta,africana,1998,9000.0
111,African elephant,Loxodonta_africana,South Africa,Africa,Loxodonta,africana,1999,9300.0
111,African elephant,Loxodonta_africana,South Africa,Africa,Loxodonta,africana,2000,8500.0
111,African elephant,Loxodonta_africana,South Africa,Africa,Loxodonta,africana,2001,9400.0
111,African elephant,Loxodonta_africana,South Africa,Africa,Loxodonta,africana,2002,10500.0
111,African elephant,Loxodonta_africana,South Africa,Africa,Loxodonta,africana,2003,11500.0
111,African elephant,Loxodonta_africana,South Africa,Africa,Loxodonta,africana,2004,11454.0
112,African elephant,Loxodonta_africana,South Africa,Africa,Loxodonta,africana,1970,8350.0
112,African elephant,Loxodonta_africana,South Africa,Africa,Loxodonta,africana,1975,7456.0
112,African elephant,Loxodonta_africana,South Africa,Africa,Loxodonta,africana,1980,7399.0
112,African elephant,Loxodonta_africana,South Africa,Africa,Loxodonta,africana,1985,7592.0
112,African elephant,Loxodonta_africana,South Africa,Africa,Loxodonta,africana,1990,7405.0
112,African elephant,Loxodonta_africana,South Africa,Africa,Loxodonta,africana,1995,8063.0
112,African elephant,Loxodonta_africana,South Africa,Africa,Loxodonta,africana,2000,9248.0
113,African elephant,Loxodonta_africana,"Tanzania, United Republic Of",Africa,Loxodonta,africana,1959,380.0
113,African elephant,Loxodonta_africana,"Tanzania, United Republic Of",Africa,Loxodonta,africana,1961,421.0
113,African elephant,Loxodonta_africana,"Tanzania, United Republic Of",Africa,Loxodonta,africana,1965,421.0
113,African elephant,Loxodonta_africana,"Tanzania, United Republic Of",Africa,Loxodonta,africana,1967,300.0
113,African elephant,Loxodonta_africana,"Tanzania, United Republic Of",Africa,Loxodonta,africana,1970,427.0
113,African elephant,Loxodonta_africana,"Tanzania, United Republic Of",Africa,Loxodonta,africana,1975,386.0
113,African elephant,Loxodonta_africana,"Tanzania, United Republic Of",Africa,Loxodonta,africana,1976,453.0
113,African elephant,Loxodonta_africana,"Tanzania, United Republic Of",Africa,Loxodonta,africana,1981,483.0
113,African elephant,Loxodonta_africana,"Tanzania, United Republic Of",Africa,Loxodonta,africana,1984,373.0
114,African elephant,Loxodonta_africana,Kenya,Africa,Loxodonta,africana,1983,1413.0
114,African elephant,Loxodonta_africana,Kenya,Africa,Loxodonta,africana,1985,382.0
114,African elephant,Loxodonta_africana,Kenya,Africa,Loxodonta,africana,1986,493.0
114,African elephant,Loxodonta_africana,Kenya,Africa,Loxodonta,africana,1989,1080.0
114,African elephant,Loxodonta_africana,Kenya,Africa,Loxodonta,africana,1990,1151.0
115,African elephant,Loxodonta_africana,Uganda,Africa,Loxodonta,africana,1965,30000.0
115,African elephant,Loxodonta_africana,Uganda,Africa,Loxodonta,africana,1983,2000.0
115,African elephant,Loxodonta_africana,Uganda,Africa,Loxodonta,africana,1996,1900.0
115,African elephant,Loxodonta_africana,Uganda,Africa,Loxodonta,africana,2003,2391.0
115,African elephant,Loxodonta_africana,Uganda,Africa,Loxodonta,africana,2004,2400.0
115,African elephant,Loxodonta_africana,Uganda,Africa,Loxodonta,africana,2006,4210.0
116,African elephant,Loxodonta_africana,Uganda,Africa,Loxodonta,africana,1973,30000.0
116,African elephant,Loxodonta_africana,Uganda,Africa,Loxodonta,africana,1976,6000.0
116,African elephant,Loxodonta_africana,Uganda,Africa,Loxodonta,africana,1978,4000.0
116,African elephant,Loxodonta_africana,Uganda,Africa,Loxodonta,africana,1980,2000.0
4635,African elephant,Loxodonta_africana,Uganda,Africa,Loxodonta,africana,1967,277.0
4635,African elephant,Loxodonta_africana,Uganda,Africa,Loxodonta,africana,1968,417.0
4635,African elephant,Loxodonta_africana,Uganda,Africa,Loxodonta,africana,1971,470.0
4635,African elephant,Loxodonta_africana,Uganda,Africa,Loxodonta,africana,1975,333.0
4734,African elephant,Loxodonta_africana,Kenya,Africa,Loxodonta,africana,2002,1100.0
4734,African elephant,Loxodonta_africana,Kenya,Africa,Loxodonta,africana,2005,1417.0
4734,African elephant,Loxodonta_africana,Kenya,Africa,Loxodonta,africana,2013,995.0
4735,African elephant,Loxodonta_africana,Kenya,Africa,Loxodonta,africana,2002,8344.0
4735,African elephant,Loxodonta_africana,Kenya,Africa,Loxodonta,africana,2005,9021.0
4736,African elephant,Loxodonta_africana,Kenya,Africa,Loxodonta,africana,2002,877.0
4736,African elephant,Loxodonta_africana,Kenya,Africa,Loxodonta,africana,2005,1335.0
4737,African elephant,Loxodonta_africana,"Tanzania, United Republic Of",Africa,Loxodonta,africana,2002,65811.0
4737,African elephant,Loxodonta_africana,"Tanzania, United Republic Of",Africa,Loxodonta,africana,2006,70406.0
4738,African elephant,Loxodonta_africana,"Tanzania, United Republic Of",Africa,Loxodonta,africana,2000,1631.0
4738,African elephant,Loxodonta_africana,"Tanzania, United Republic Of",Africa,Loxodonta,africana,2006,1560.0
4739,African elephant,Loxodonta_africana,"Tanzania, United Republic Of",Africa,Loxodonta,africana,2002,339.0
4739,African elephant,Loxodonta_africana,"Tanzania, United Republic Of",Africa,Loxodonta,africana,2006,1200.0
4740,African elephant,Loxodonta_africana,"Tanzania, United Republic Of",Africa,Loxodonta,africana,2002,24103.0
4740,African elephant,Loxodonta_africana,"Tanzania, United Republic Of",Africa,Loxodonta,africana,2006,35409.0
4740,African elephant,Loxodonta_africana,"Tanzania, United Republic Of",Africa,Loxodonta,africana,2015,15836.0
4741,African elephant,Loxodonta_africana,"Tanzania, United Republic Of",Africa,Loxodonta,africana,2002,63.0
4741,African elephant,Loxodonta_africana,"Tanzania, United Republic Of",Africa,Loxodonta,africana,2005,41.0
4741,African elephant,Loxodonta_africana,"Tanzania, United Republic Of",Africa,Loxodonta,africana,2014,59.0
4742,African elephant,Loxodonta_africana,"Tanzania, United Republic Of",Africa,Loxodonta,africana,2002,591.0
4742,African elephant,Loxodonta_africana,"Tanzania, United Republic Of",Africa,Loxodonta,africana,2006,915.0
4742,African elephant,Loxodonta_africana,"Tanzania, United Republic Of",Africa,Loxodonta,africana,2014,5738.0
4743,African elephant,Loxodonta_africana,"Tanzania, United Republic Of",Africa,Loxodonta,africana,2002,4897.0
4743,African elephant,Loxodonta_africana,"Tanzania, United Republic Of",Africa,Loxodonta,africana,2006,4102.0
4744,African elephant,Loxodonta_africana,"Tanzania, United Republic Of",Africa,Loxodonta,africana,1999,1911.0
4744,African elephant,Loxodonta_africana,"Tanzania, United Republic Of",Africa,Loxodonta,africana,2006,4133.0
4751,African elephant,Loxodonta_africana,South Africa,Africa,Loxodonta,africana,2002,80.0
4751,African elephant,Loxodonta_africana,South Africa,Africa,Loxodonta,africana,2006,457.0
4752,African elephant,Loxodonta_africana,South Africa,Africa,Loxodonta,africana,2002,121.0
4752,African elephant,Loxodonta_africana,South Africa,Africa,Loxodonta,africana,2005,110.0
4753,African elephant,Loxodonta_africana,South Africa,Africa,Loxodonta,africana,2002,27.0
4753,African elephant,Loxodonta_africana,South Africa,Africa,Loxodonta,africana,2006,54.0
4754,African elephant,Loxodonta_africana,South Africa,Africa,Loxodonta,africana,2002,59.0
4754,African elephant,Loxodonta_africana,South Africa,Africa,Loxodonta,africana,2005,72.0
4755,African elephant,Loxodonta_africana,South Africa,Africa,Loxodonta,africana,2002,318.0
4755,African elephant,Loxodonta_africana,South Africa,Africa,Loxodonta,africana,2005,455.0
4756,African elephant,Loxodonta_africana,South Africa,Africa,Loxodonta,africana,2002,10459.0
4756,African elephant,Loxodonta_africana,South Africa,Africa,Loxodonta,africana,2006,12427.0
4757,African elephant,Loxodonta_africana,South Africa,Africa,Loxodonta,africana,2002,4.0
4757,African elephant,Loxodonta_africana,South Africa,Africa,Loxodonta,africana,2005,4.0
4758,African elephant,Loxodonta_africana,South Africa,Africa,Loxodonta,africana,2002,467.0
4758,African elephant,Loxodonta_africana,South Africa,Africa,Loxodonta,africana,2006,569.0
4759,African elephant,Loxodonta_africana,South Africa,Africa,Loxodonta,africana,2002,31.0
4759,African elephant,Loxodonta_africana,South Africa,Africa,Loxodonta,africana,2005,45.0
4760,African elephant,Loxodonta_africana,South Africa,Africa,Loxodonta,africana,2002,32.0
4760,African elephant,Loxodonta_africana,South Africa,Africa,Loxodonta,africana,2005,60.0
4761,African elephant,Loxodonta_africana,South Africa,Africa,Loxodonta,africana,2002,337.0
4761,African elephant,Loxodonta_africana,South Africa,Africa,Loxodonta,africana,2005,459.0
4762,African elephant,Loxodonta_africana,South Africa,Africa,Loxodonta,africana,2002,23.0
4762,African elephant,Loxodonta_africana,South Africa,Africa,Loxodonta,africana,2006,77.0
4763,African elephant,Loxodonta_africana,South Africa,Africa,Loxodonta,africana,2002,142.0
4763,African elephant,Loxodonta_africana,South Africa,Africa,Loxodonta,africana,2005,140.0
4764,African elephant,Loxodonta_africana,South Africa,Africa,Loxodonta,africana,2002,61.0
4764,African elephant,Loxodonta_africana,South Africa,Africa,Loxodonta,africana,2005,84.0
4765,African elephant,Loxodonta_africana,South Africa,Africa,Loxodonta,africana,2002,59.0
4765,African elephant,Loxodonta_africana,South Africa,Africa,Loxodonta,africana,2005,61.0
4766,African elephant,Loxodonta_africana,South Africa,Africa,Loxodonta,africana,2002,28.0
4766,African elephant,Loxodonta_africana,South Africa,Africa,Loxodonta,africana,2005,37.0
4767,African elephant,Loxodonta_africana,South Africa,Africa,Loxodonta,africana,2002,67.0
4767,African elephant,Loxodonta_africana,South Africa,Africa,Loxodonta,africana,2005,100.0
4768,African elephant,Loxodonta_africana,South Africa,Africa,Loxodonta,africana,2002,88.0
4768,African elephant,Loxodonta_africana,South Africa,Africa,Loxodonta,africana,2006,163.0
4769,African elephant,Loxodonta_africana,South Africa,Africa,Loxodonta,africana,2002,372.0
4769,African elephant,Loxodonta_africana,South Africa,Africa,Loxodonta,africana,2006,712.0
4770,African elephant,Loxodonta_africana,South Africa,Africa,Loxodonta,africana,2002,140.0
4770,African elephant,Loxodonta_africana,South Africa,Africa,Loxodonta,africana,2005,167.0
4771,African elephant,Loxodonta_africana,South Africa,Africa,Loxodonta,africana,2002,56.0
4771,African elephant,Loxodonta_africana,South Africa,Africa,Loxodonta,africana,2005,85.0
4772,African elephant,Loxodonta_africana,South Africa,Africa,Loxodonta,africana,2002,757.0
4772,African elephant,Loxodonta_africana,South Africa,Africa,Loxodonta,africana,2006,857.0
4773,African elephant,Loxodonta_africana,South Africa,Africa,Loxodonta,africana,2002,33.0
4773,African elephant,Loxodonta_africana,South Africa,Africa,Loxodonta,africana,2005,55.0
4776,African elephant,Loxodonta_africana,Zambia,Africa,Loxodonta,africana,2001,156.0
4776,African elephant,Loxodonta_africana,Zambia,Africa,Loxodonta,africana,2003,156.0
4777,African elephant,Loxodonta_africana,Zambia,Africa,Loxodonta,africana,1997,0.0
4777,African elephant,Loxodonta_africana,Zambia,Africa,Loxodonta,africana,2004,55.0
4778,African elephant,Loxodonta_africana,Zambia,Africa,Loxodonta,africana,1996,250.0
4778,African elephant,Loxodonta_africana,Zambia,Africa,Loxodonta,africana,2005,385.0
4779,African elephant,Loxodonta_africana,Zambia,Africa,Loxodonta,africana,1997,374.0
4779,African elephant,Loxodonta_africana,Zambia,Africa,Loxodonta,africana,2004,0.0
4780,African elephant,Loxodonta_africana,Zambia,Africa,Loxodonta,africana,2001,114.0
4780,African elephant,Loxodonta_africana,Zambia,Africa,Loxodonta,africana,2004,65.0
4781,African elephant,Loxodonta_africana,Zambia,Africa,Loxodonta,africana,1997,0.0
4781,African elephant,Loxodonta_africana,Zambia,Africa,Loxodonta,africana,2004,169.0
4782,African elephant,Loxodonta_africana,Zambia,Africa,Loxodonta,africana,1994,110.0
4782,African elephant,Loxodonta_africana,Zambia,Africa,Loxodonta,africana,2005,0.0
4783,African elephant,Loxodonta_africana,Zambia,Africa,Loxodonta,africana,2001,189.0
4783,African elephant,Loxodonta_africana,Zambia,Africa,Loxodonta,africana,2003,968.0
4784,African elephant,Loxodonta_africana,Zambia,Africa,Loxodonta,africana,1996,232.0
4784,African elephant,Loxodonta_africana,Zambia,Africa,Loxodonta,africana,2003,1477.0
4785,African elephant,Loxodonta_africana,Zambia,Africa,Loxodonta,africana,1997,0.0
4785,African elephant,Loxodonta_africana,Zambia,Africa,Loxodonta,africana,2004,401.0
4786,African elephant,Loxodonta_africana,Zambia,Africa,Loxodonta,africana,1996,48.0
4786,African elephant,Loxodonta_africana,Zambia,Africa,Loxodonta,africana,2003,45.0
4787,African elephant,Loxodonta_africana,Zambia,Africa,Loxodonta,africana,2001,3750.0
4787,African elephant,Loxodonta_africana,Zambia,Africa,Loxodonta,africana,2003,3235.0
4788,African elephant,Loxodonta_africana,Zimbabwe,Africa,Loxodonta,africana,2001,33.0
4788,African elephant,Loxodonta_africana,Zimbabwe,Africa,Loxodonta,africana,2006,488.0
4789,African elephant,Loxodonta_africana,Zimbabwe,Africa,Loxodonta,africana,2001,535.0
4789,African elephant,Loxodonta_africana,Zimbabwe,Africa,Loxodonta,africana,2003,527.0
4790,African elephant,Loxodonta_africana,Zimbabwe,Africa,Loxodonta,africana,2001,791.0
4790,African elephant,Loxodonta_africana,Zimbabwe,Africa,Loxodonta,africana,2006,192.0
4791,African elephant,Loxodonta_africana,Zimbabwe,Africa,Loxodonta,africana,2001,1716.0
4791,African elephant,Loxodonta_africana,Zimbabwe,Africa,Loxodonta,africana,2006,1925.0
4792,African elephant,Loxodonta_africana,Zimbabwe,Africa,Loxodonta,africana,2001,2373.0
4792,African elephant,Loxodonta_africana,Zimbabwe,Africa,Loxodonta,africana,2006,3715.0
4793,African elephant,Loxodonta_africana,Zimbabwe,Africa,Loxodonta,africana,2001,5011.0
4793,African elephant,Loxodonta_africana,Zimbabwe,Africa,Loxodonta,africana,2006,3071.0
4794,African elephant,Loxodonta_africana,Zimbabwe,Africa,Loxodonta,africana,2001,1219.0
4794,African elephant,Loxodonta_africana,Zimbabwe,Africa,Loxodonta,africana,2006,971.0
4795,African elephant,Loxodonta_africana,Zimbabwe,Africa,Loxodonta,africana,2001,19297.0
4795,African elephant,Loxodonta_africana,Zimbabwe,Africa,Loxodonta,africana,2003,19981.0
4796,African elephant,Loxodonta_africana,Zimbabwe,Africa,Loxodonta,africana,2001,836.0
4796,African elephant,Loxodonta_africana,Zimbabwe,Africa,Loxodonta,africana,2006,431.0
4797,African elephant,Loxodonta_africana,Zimbabwe,Africa,Loxodonta,africana,2001,1977.0
4797,African elephant,Loxodonta_africana,Zimbabwe,Africa,Loxodonta,africana,2006,4231.0
4978,African elephant,Loxodonta_africana,Kenya,Africa,Loxodonta,africana,1999,461.0
4978,African elephant,Loxodonta_africana,Kenya,Africa,Loxodonta,africana,2002,447.0
5002,African elephant,Loxodonta_africana,Kenya,Africa,Loxodonta,africana,1999,45.0
5002,African elephant,Loxodonta_africana,Kenya,Africa,Loxodonta,africana,2002,57.0
5016,African elephant,Loxodonta_africana,"Tanzania, United Republic Of",Africa,Loxodonta,africana,1986,467.0
5016,African elephant,Loxodonta_africana,"Tanzania, United Republic Of",Africa,Loxodonta,africana,1992,1295.0
5016,African elephant,Loxodonta_africana,"Tanzania, United Republic Of",Africa,Loxodonta,africana,2014,6087.0
5594,African elephant,Loxodonta_africana,"Tanzania, United Republic Of",Africa,Loxodonta,africana,1950,102.0
5594,African elephant,Loxodonta_africana,"Tanzania, United Republic Of",Africa,Loxodonta,africana,1958,1002.0
5594,African elephant,Loxodonta_africana,"Tanzania, United Republic Of",Africa,Loxodonta,africana,1961,1159.0
5594,African elephant,Loxodonta_africana,"Tanzania, United Republic Of",Africa,Loxodonta,africana,1965,2077.0
5594,African elephant,Loxodonta_africana,"Tanzania, United Republic Of",Africa,Loxodonta,africana,1966,2222.0
5594,African elephant,Loxodonta_africana,"Tanzania, United Republic Of",Africa,Loxodonta,africana,1967,2484.0
5594,African elephant,Loxodonta_africana,"Tanzania, United Republic Of",Africa,Loxodonta,africana,1968,2286.0
5594,African elephant,Loxodonta_africana,"Tanzania, United Republic Of",Africa,Loxodonta,africana,1970,2460.0
5594,African elephant,Loxodonta_africana,"Tanzania, United Republic Of",Africa,Loxodonta,africana,1972,2059.0
5594,African elephant,Loxodonta_africana,"Tanzania, United Republic Of",Africa,Loxodonta,africana,1973,1850.0
5594,African elephant,Loxodonta_africana,"Tanzania, United Republic Of",Africa,Loxodonta,africana,1974,3157.0
5594,African elephant,Loxodonta_africana,"Tanzania, United Republic Of",Africa,Loxodonta,africana,1975,2030.0
5594,African elephant,Loxodonta_africana,"Tanzania, United Republic Of",Africa,Loxodonta,africana,1977,2559.0
5594,African elephant,Loxodonta_africana,"Tanzania, United Republic Of",Africa,Loxodonta,africana,1984,1466.0
5594,African elephant,Loxodonta_africana,"Tanzania, United Republic Of",Africa,Loxodonta,africana,1986,449.0
5594,African elephant,Loxodonta_africana,"Tanzania, United Republic Of",Africa,Loxodonta,africana,1989,495.0
5594,African elephant,Loxodonta_africana,"Tanzania, United Republic Of",Africa,Loxodonta,africana,1992,983.0
5594,African elephant,Loxodonta_africana,"Tanzania, United Republic Of",Africa,Loxodonta,africana,1994,1361.0
5594,African elephant,Loxodonta_africana,"Tanzania, United Republic Of",Africa,Loxodonta,africana,1998,2011.0
5594,African elephant,Loxodonta_africana,"Tanzania, United Republic Of",Africa,Loxodonta,africana,2000,1622.0
5594,African elephant,Loxodonta_africana,"Tanzania, United Republic Of",Africa,Loxodonta,africana,2003,2360.0
5595,African elephant,Loxodonta_africana,Kenya,Africa,Loxodonta,africana,1961,456.0
5595,African elephant,Loxodonta_africana,Kenya,Africa,Loxodonta,africana,1967,467.0
5595,African elephant,Loxodonta_africana,Kenya,Africa,Loxodonta,africana,1970,728.0
5595,African elephant,Loxodonta_africana,Kenya,Africa,Loxodonta,africana,1977,716.0
5595,African elephant,Loxodonta_africana,Kenya,Africa,Loxodonta,africana,1984,856.0
5595,African elephant,Loxodonta_africana,Kenya,Africa,Loxodonta,africana,1985,815.0
5595,African elephant,Loxodonta_africana,Kenya,Africa,Loxodonta,africana,1986,1134.0
5595,African elephant,Loxodonta_africana,Kenya,Africa,Loxodonta,africana,1987,1094.0
5595,African elephant,Loxodonta_africana,Kenya,Africa,Loxodonta,africana,1988,995.0
5595,African elephant,Loxodonta_africana,Kenya,Africa,Loxodonta,africana,1989,890.0
5595,African elephant,Loxodonta_africana,Kenya,Africa,Loxodonta,africana,1990,693.0
5595,African elephant,Loxodonta_africana,Kenya,Africa,Loxodonta,africana,1991,1053.0
5595,African elephant,Loxodonta_africana,Kenya,Africa,Loxodonta,africana,1992,1122.0
5595,African elephant,Loxodonta_africana,Kenya,Africa,Loxodonta,africana,1993,1181.0
6363,African elephant,Loxodonta_africana,Zambia,Africa,Loxodonta,africana,1994,1346.0
6363,African elephant,Loxodonta_africana,Zambia,Africa,Loxodonta,africana,1996,563.0
6363,African elephant,Loxodonta_africana,Zambia,Africa,Loxodonta,africana,1998,1024.5
7673,African elephant,Loxodonta_africana,South Africa,Africa,Loxodonta,africana,1976,95.0
7673,African elephant,Loxodonta_africana,South Africa,Africa,Loxodonta,africana,1977,96.0
7673,African elephant,Loxodonta_africana,South Africa,Africa,Loxodonta,africana,1978,98.0
7673,African elephant,Loxodonta_africana,South Africa,Africa,Loxodonta,africana,1979,98.0
7673,African elephant,Loxodonta_africana,South Africa,Africa,Loxodonta,africana,1980,101.0
7673,African elephant,Loxodonta_africana,South Africa,Africa,Loxodonta,africana,1981,108.0
7673,African elephant,Loxodonta_africana,South Africa,Africa,Loxodonta,africana,1982,112.0
7673,African elephant,Loxodonta_africana,South Africa,Africa,Loxodonta,africana,1983,117.0
7673,African elephant,Loxodonta_africana,South Africa,Africa,Loxodonta,africana,1984,125.0
7673,African elephant,Loxodonta_africana,South Africa,Africa,Loxodonta,africana,1985,132.0
7673,African elephant,Loxodonta_africana,South Africa,Africa,Loxodonta,africana,1986,140.0
7673,African elephant,Loxodonta_africana,South Africa,Africa,Loxodonta,africana,1987,147.0
7673,African elephant,Loxodonta_africana,South Africa,Africa,Loxodonta,africana,1988,156.0
7673,African elephant,Loxodonta_africana,South Africa,Africa,Loxodonta,africana,1989,166.0
7673,African elephant,Loxodonta_africana,South Africa,Africa,Loxodonta,africana,1990,175.0
7673,African elephant,Loxodonta_africana,South Africa,Africa,Loxodonta,africana,1991,185.0
7673,African elephant,Loxodonta_africana,South Africa,Africa,Loxodonta,africana,1992,193.0
7673,African elephant,Loxodonta_africana,South Africa,Africa,Loxodonta,africana,1993,201.0
7673,African elephant,Loxodonta_africana,South Africa,Africa,Loxodonta,africana,1994,212.0
7673,African elephant,Loxodonta_africana,South Africa,Africa,Loxodonta,africana,1995,226.0
7673,African elephant,Loxodonta_africana,South Africa,Africa,Loxodonta,africana,1996,240.0
7673,African elephant,Loxodonta_africana,South Africa,Africa,Loxodonta,africana,1997,255.0
7673,African elephant,Loxodonta_africana,South Africa,Africa,Loxodonta,africana,1998,272.0
7673,African elephant,Loxodonta_africana,South Africa,Africa,Loxodonta,africana,1999,299.0
7673,African elephant,Loxodonta_africana,South Africa,Africa,Loxodonta,africana,2000,319.0
7673,African elephant,Loxodonta_africana,South Africa,Africa,Loxodonta,africana,2001,329.0
7673,African elephant,Loxodonta_africana,South Africa,Africa,Loxodonta,africana,2002,358.0
7676,African elephant,Loxodonta_africana,Kenya,Africa,Loxodonta,africana,1977,1156.0
7676,African elephant,Loxodonta_africana,Kenya,Africa,Loxodonta,africana,1990,1839.0
7676,African elephant,Loxodonta_africana,Kenya,Africa,Loxodonta,africana,1994,1967.0
7676,African elephant,Loxodonta_africana,Kenya,Africa,Loxodonta,africana,1997,5391.0
7719,African elephant,Loxodonta_africana,Uganda,Africa,Loxodonta,africana,1967,275.0
7719,African elephant,Loxodonta_africana,Uganda,Africa,Loxodonta,africana,1968,420.0
7719,African elephant,Loxodonta_africana,Uganda,Africa,Loxodonta,africana,1972,470.0
7719,African elephant,Loxodonta_africana,Uganda,Africa,Loxodonta,africana,1975,335.0
7719,African elephant,Loxodonta_africana,Uganda,Africa,Loxodonta,africana,1976,465.0
7719,African elephant,Loxodonta_africana,Uganda,Africa,Loxodonta,africana,1977,495.0
7719,African elephant,Loxodonta_africana,Uganda,Africa,Loxodonta,africana,1978,500.0
7722,African elephant,Loxodonta_africana,Uganda,Africa,Loxodonta,africana,1982,400.0
7722,African elephant,Loxodonta_africana,Uganda,Africa,Loxodonta,africana,1991,200.0
8540,African elephant,Loxodonta_africana,Zimbabwe,Africa,Loxodonta,africana,1973,4620.0
8540,African elephant,Loxodonta_africana,Zimbabwe,Africa,Loxodonta,africana,1975,2402.0
8540,African elephant,Loxodonta_africana,Zimbabwe,Africa,Loxodonta,africana,1982,10576.0
8540,African elephant,Loxodonta_africana,Zimbabwe,Africa,Loxodonta,africana,1984,3428.0
8540,African elephant,Loxodonta_africana,Zimbabwe,Africa,Loxodonta,africana,1985,3430.0
8540,African elephant,Loxodonta_africana,Zimbabwe,Africa,Loxodonta,africana,1986,1036.0
8540,African elephant,Loxodonta_africana,Zimbabwe,Africa,Loxodonta,africana,1987,5413.0
8540,African elephant,Loxodonta_africana,Zimbabwe,Africa,Loxodonta,africana,1988,2950.0
8540,African elephant,Loxodonta_africana,Zimbabwe,Africa,Loxodonta,africana,1989,4133.0
8540,African elephant,Loxodonta_africana,Zimbabwe,Africa,Loxodonta,africana,1990,10975.0
8540,African elephant,Loxodonta_africana,Zimbabwe,Africa,Loxodonta,africana,1991,5700.0
8540,African elephant,Loxodonta_africana,Zimbabwe,Africa,Loxodonta,africana,1992,7542.0
8540,African elephant,Loxodonta_africana,Zimbabwe,Africa,Loxodonta,africana,1993,5634.0
8540,African elephant,Loxodonta_africana,Zimbabwe,Africa,Loxodonta,africana,1994,9734.0
8540,African elephant,Loxodonta_africana,Zimbabwe,Africa,Loxodonta,africana,1995,13798.0
8540,African elephant,Loxodonta_africana,Zimbabwe,Africa,Loxodonta,africana,1996,7828.0
8540,African elephant,Loxodonta_africana,Zimbabwe,Africa,Loxodonta,africana,1998,16478.0
8540,African elephant,Loxodonta_africana,Zimbabwe,Africa,Loxodonta,africana,1999,14640.0
8540,African elephant,Loxodonta_africana,Zimbabwe,Africa,Loxodonta,africana,2000,5649.0
8540,African elephant,Loxodonta_africana,Zimbabwe,Africa,Loxodonta,africana,2001,6450.0
8540,African elephant,Loxodonta_africana,Zimbabwe,Africa,Loxodonta,africana,2002,13223.0
8540,African elephant,Loxodonta_africana,Zimbabwe,Africa,Loxodonta,africana,2003,15273.0
8540,African elephant,Loxodonta_africana,Zimbabwe,Africa,Loxodonta,africana,2004,4269.0
8540,African elephant,Loxodonta_africana,Zimbabwe,Africa,Loxodonta,africana,2005,12431.0
8648,African elephant,Loxodonta_africana,Kenya,Africa,Loxodonta,africana,1998,550.0
8648,African elephant,Loxodonta_africana,Kenya,Africa,Loxodonta,africana,1999,620.0
8648,African elephant,Loxodonta_africana,Kenya,Africa,Loxodonta,africana,2000,625.0
8648,African elephant,Loxodonta_africana,Kenya,Africa,Loxodonta,africana,2001,630.0
8648,African elephant,Loxodonta_africana,Kenya,Africa,Loxodonta,africana,2002,630.0
8648,African elephant,Loxodonta_africana,Kenya,Africa,Loxodonta,africana,2003,700.0
8654,African elephant,Loxodonta_africana,South Africa,Africa,Loxodonta,africana,1978,94.0
8654,African elephant,Loxodonta_africana,South Africa,Africa,Loxodonta,africana,1979,102.0
8654,African elephant,Loxodonta_africana,South Africa,Africa,Loxodonta,africana,1981,108.0
8654,African elephant,Loxodonta_africana,South Africa,Africa,Loxodonta,africana,1983,116.0
8654,African elephant,Loxodonta_africana,South Africa,Africa,Loxodonta,africana,1985,125.5
8654,African elephant,Loxodonta_africana,South Africa,Africa,Loxodonta,africana,1986,128.0
8654,African elephant,Loxodonta_africana,South Africa,Africa,Loxodonta,africana,1987,133.0
8654,African elephant,Loxodonta_africana,South Africa,Africa,Loxodonta,africana,1988,146.0
8654,African elephant,Loxodonta_africana,South Africa,Africa,Loxodonta,africana,1989,157.0
8654,African elephant,Loxodonta_africana,South Africa,Africa,Loxodonta,africana,1990,167.5
8654,African elephant,Loxodonta_africana,South Africa,Africa,Loxodonta,africana,1991,179.0
8654,African elephant,Loxodonta_africana,South Africa,Africa,Loxodonta,africana,1992,185.0
8654,African elephant,Loxodonta_africana,South Africa,Africa,Loxodonta,africana,1993,191.5
8654,African elephant,Loxodonta_africana,South Africa,Africa,Loxodonta,africana,1994,201.5
8654,African elephant,Loxodonta_africana,South Africa,Africa,Loxodonta,africana,1995,214.5
8654,African elephant,Loxodonta_africana,South Africa,Africa,Loxodonta,africana,1996,227.0
8654,African elephant,Loxodonta_africana,South Africa,Africa,Loxodonta,africana,1997,241.5
9839,African elephant,Loxodonta_africana,"Tanzania, United Republic Of",Africa,Loxodonta,africana,1999,0.3
9839,African elephant,Loxodonta_africana,"Tanzania, United Republic Of",Africa,Loxodonta,africana,2003,0.4
9839,African elephant,Loxodonta_africana,"Tanzania, United Republic Of",Africa,Loxodonta,africana,2014,0.3
9842,African elephant,Loxodonta_africana,"Tanzania, United Republic Of",Africa,Loxodonta,africana,1987,5684.0
9842,African elephant,Loxodonta_africana,"Tanzania, United Republic Of",Africa,Loxodonta,africana,1990,2420.0
9867,African elephant,Loxodonta_africana,Kenya,Africa,Loxodonta,africana,1977,62.0
9867,African elephant,Loxodonta_africana,Kenya,Africa,Loxodonta,africana,1990,102.0
9867,African elephant,Loxodonta_africana,Kenya,Africa,Loxodonta,africana,1991,10.0
9867,African elephant,Loxodonta_africana,Kenya,Africa,Loxodonta,africana,1992,220.0
9867,African elephant,Loxodonta_africana,Kenya,Africa,Loxodonta,africana,1993,149.0
9867,African elephant,Loxodonta_africana,Kenya,Africa,Loxodonta,africana,1994,15.0
9867,African elephant,Loxodonta_africana,Kenya,Africa,Loxodonta,africana,1995,199.0
9867,African elephant,Loxodonta_africana,Kenya,Africa,Loxodonta,africana,1996,178.0
9867,African elephant,Loxodonta_africana,Kenya,Africa,Loxodonta,africana,1997,110.0
9867,African elephant,Loxodonta_africana,Kenya,Africa,Loxodonta,africana,1998,247.0
9867,African elephant,Loxodonta_africana,Kenya,Africa,Loxodonta,africana,1999,170.0
9867,African elephant,Loxodonta_africana,Kenya,Africa,Loxodonta,africana,2000,193.0
9867,African elephant,Loxodonta_africana,Kenya,Africa,Loxodonta,africana,2001,150.0
9867,African elephant,Loxodonta_africana,Kenya,Africa,Loxodonta,africana,2002,28.0
9867,African elephant,Loxodonta_africana,Kenya,Africa,Loxodonta,africana,2003,157.0
9867,African elephant,Loxodonta_africana,Kenya,Africa,Loxodonta,africana,2004,216.0
9867,African elephant,Loxodonta_africana,Kenya,Africa,Loxodonta,africana,2005,597.0
9867,African elephant,Loxodonta_africana,Kenya,Africa,Loxodonta,africana,2006,392.0
9867,African elephant,Loxodonta_africana,Kenya,Africa,Loxodonta,africana,2007,256.0
9905,African elephant,Loxodonta_africana,"Tanzania, United Republic Of",Africa,Loxodonta,africana,1989,392.0
9905,African elephant,Loxodonta_africana,"Tanzania, United Republic Of",Africa,Loxodonta,africana,1993,1583.0
9905,African elephant,Loxodonta_africana,"Tanzania, United Republic Of",Africa,Loxodonta,africana,1997,2262.0
9988,African elephant,Loxodonta_africana,"Tanzania, United Republic Of",Africa,Loxodonta,africana,1989,24548.0
9988,African elephant,Loxodonta_africana,"Tanzania, United Republic Of",Africa,Loxodonta,africana,1991,12262.0
9988,African elephant,Loxodonta_africana,"Tanzania, United Republic Of",Africa,Loxodonta,africana,1994,31735.0
9988,African elephant,Loxodonta_africana,"Tanzania, United Republic Of",Africa,Loxodonta,africana,1998,41670.0
10010,African elephant,Loxodonta_africana,South Africa,Africa,Loxodonta,africana,1981,4.0
10010,African elephant,Loxodonta_africana,South Africa,Africa,Loxodonta,africana,1982,4.0
10010,African elephant,Loxodonta_africana,South Africa,Africa,Loxodonta,africana,1983,8.0
10010,African elephant,Loxodonta_africana,South Africa,Africa,Loxodonta,africana,1984,17.0
10010,African elephant,Loxodonta_africana,South Africa,Africa,Loxodonta,africana,1985,40.0
10010,African elephant,Loxodonta_africana,South Africa,Africa,Loxodonta,africana,1986,45.0
10010,African elephant,Loxodonta_africana,South Africa,Africa,Loxodonta,africana,1987,63.0
10010,African elephant,Loxodonta_africana,South Africa,Africa,Loxodonta,africana,1988,92.0
10010,African elephant,Loxodonta_africana,South Africa,Africa,Loxodonta,africana,1989,126.0
10010,African elephant,Loxodonta_africana,South Africa,Africa,Loxodonta,africana,1990,148.0
10010,African elephant,Loxodonta_africana,South Africa,Africa,Loxodonta,africana,1991,153.0
10010,African elephant,Loxodonta_africana,South Africa,Africa,Loxodonta,africana,1992,155.0
10010,African elephant,Loxodonta_africana,South Africa,Africa,Loxodonta,africana,1993,166.0
10010,African elephant,Loxodonta_africana,South Africa,Africa,Loxodonta,africana,1994,180.0
10010,African elephant,Loxodonta_africana,South Africa,Africa,Loxodonta,africana,1995,190.0
10010,African elephant,Loxodonta_africana,South Africa,Africa,Loxodonta,africana,1996,210.0
10010,African elephant,Loxodonta_africana,South Africa,Africa,Loxodonta,africana,2004,280.0
10010,African elephant,Loxodonta_africana,South Africa,Africa,Loxodonta,africana,2006,443.0
10066,African elephant,Loxodonta_africana,Zambia,Africa,Loxodonta,africana,1965,11500.0
10066,African elephant,Loxodonta_africana,Zambia,Africa,Loxodonta,africana,1966,11000.0
10066,African elephant,Loxodonta_africana,Zambia,Africa,Loxodonta,africana,1967,11000.0
10066,African elephant,Loxodonta_africana,Zambia,Africa,Loxodonta,africana,1968,18000.0
10066,African elephant,Loxodonta_africana,Zambia,Africa,Loxodonta,africana,1971,28000.0
10066,African elephant,Loxodonta_africana,Zambia,Africa,Loxodonta,africana,1973,32000.0
10072,African elephant,Loxodonta_africana,"Tanzania, United Republic Of",Africa,Loxodonta,africana,1972,16000.0
10072,African elephant,Loxodonta_africana,"Tanzania, United Republic Of",Africa,Loxodonta,africana,1973,17500.0
10072,African elephant,Loxodonta_africana,"Tanzania, United Republic Of",Africa,Loxodonta,africana,1977,25000.0
10072,African elephant,Loxodonta_africana,"Tanzania, United Republic Of",Africa,Loxodonta,africana,1983,14000.0
10072,African elephant,Loxodonta_africana,"Tanzania, United Republic Of",Africa,Loxodonta,africana,1984,9000.0
10072,African elephant,Loxodonta_africana,"Tanzania, United Republic Of",Africa,Loxodonta,africana,1988,9000.0
10083,African elephant,Loxodonta_africana,Zimbabwe,Africa,Loxodonta,africana,1997,145.0
10083,African elephant,Loxodonta_africana,Zimbabwe,Africa,Loxodonta,africana,1999,109.0
10083,African elephant,Loxodonta_africana,Zimbabwe,Africa,Loxodonta,africana,2000,100.0
10083,African elephant,Loxodonta_africana,Zimbabwe,Africa,Loxodonta,africana,2001,111.0
10083,African elephant,Loxodonta_africana,Zimbabwe,Africa,Loxodonta,africana,2002,132.0
10083,African elephant,Loxodonta_africana,Zimbabwe,Africa,Loxodonta,africana,2003,140.0
10083,African elephant,Loxodonta_africana,Zimbabwe,Africa,Loxodonta,africana,2004,147.0
10083,African elephant,Loxodonta_africana,Zimbabwe,Africa,Loxodonta,africana,2005,152.0
10083,African elephant,Loxodonta_africana,Zimbabwe,Africa,Loxodonta,africana,2006,153.0
11128,African elephant,Loxodonta_africana,"Tanzania, United Republic Of",Africa,Loxodonta,africana,1973,16355.0
11128,African elephant,Loxodonta_africana,"Tanzania, United Republic Of",Africa,Loxodonta,africana,1977,24625.0
13475,African elephant,Loxodonta_africana,Uganda,Africa,Loxodonta,africana,2001,262.0
13475,African elephant,Loxodonta_africana,Uganda,Africa,Loxodonta,africana,2005,393.0
13475,African elephant,Loxodonta_africana,Uganda,Africa,Loxodonta,africana,2010,487.0
13476,African elephant,Loxodonta_africana,Uganda,Africa,Loxodonta,africana,1980,1420.0
13476,African elephant,Loxodonta_africana,Uganda,Africa,Loxodonta,africana,1991,308.0
13476,African elephant,Loxodonta_africana,Uganda,Africa,Loxodonta,africana,1995,201.0
13476,African elephant,Loxodonta_africana,Uganda,Africa,Loxodonta,africana,1999,778.0
13476,African elephant,Loxodonta_africana,Uganda,Africa,Loxodonta,africana,2002,692.0
13476,African elephant,Loxodonta_africana,Uganda,Africa,Loxodonta,africana,2005,516.0
13476,African elephant,Loxodonta_africana,Uganda,Africa,Loxodonta,africana,2010,904.0
13476,African elephant,Loxodonta_africana,Uganda,Africa,Loxodonta,africana,2012,1617.0
13477,African elephant,Loxodonta_africana,Uganda,Africa,Loxodonta,africana,1976,1200.0
13477,African elephant,Loxodonta_africana,Uganda,Africa,Loxodonta,africana,1980,150.0
13477,African elephant,Loxodonta_africana,Uganda,Africa,Loxodonta,africana,1988,400.0
13477,African elephant,Loxodonta_africana,Uganda,Africa,Loxodonta,africana,1992,500.0
13477,African elephant,Loxodonta_africana,Uganda,Africa,Loxodonta,africana,1995,1100.0
13477,African elephant,Loxodonta_africana,Uganda,Africa,Loxodonta,africana,1999,1300.0
13477,African elephant,Loxodonta_africana,Uganda,Africa,Loxodonta,africana,2000,1100.0
13477,African elephant,Loxodonta_africana,Uganda,Africa,Loxodonta,africana,2002,998.0
13477,African elephant,Loxodonta_africana,Uganda,Africa,Loxodonta,africana,2004,2497.0
13477,African elephant,Loxodonta_africana,Uganda,Africa,Loxodonta,africana,2006,2959.0
13477,African elephant,Loxodonta_africana,Uganda,Africa,Loxodonta,africana,2010,2502.0
13477,African elephant,Loxodonta_africana,Uganda,Africa,Loxodonta,africana,2012,3018.0
13478,African elephant,Loxodonta_africana,Uganda,Africa,Loxodonta,africana,1995,25.0
13478,African elephant,Loxodonta_africana,Uganda,Africa,Loxodonta,africana,2002,211.0
13478,African elephant,Loxodonta_africana,Uganda,Africa,Loxodonta,africana,2010,47.0
13478,African elephant,Loxodonta_africana,Uganda,Africa,Loxodonta,africana,2013,33.0
14956,African elephant,Loxodonta_africana,"Tanzania, United Republic Of",Africa,Loxodonta,africana,1976,109419.0
14956,African elephant,Loxodonta_africana,"Tanzania, United Republic Of",Africa,Loxodonta,africana,1986,55153.0
14956,African elephant,Loxodonta_africana,"Tanzania, United Republic Of",Africa,Loxodonta,africana,1989,30889.0
14956,African elephant,Loxodonta_africana,"Tanzania, United Republic Of",Africa,Loxodonta,africana,1994,52234.0
14956,African elephant,Loxodonta_africana,"Tanzania, United Republic Of",Africa,Loxodonta,africana,1998,55676.0
14956,African elephant,Loxodonta_africana,"Tanzania, United Republic Of",Africa,Loxodonta,africana,2002,63390.0
14956,African elephant,Loxodonta_africana,"Tanzania, United Republic Of",Africa,Loxodonta,africana,2006,70406.0
14956,African elephant,Loxodonta_africana,"Tanzania, United Republic Of",Africa,Loxodonta,africana,2009,38975.0
14956,African elephant,Loxodonta_africana,"Tanzania, United Republic Of",Africa,Loxodonta,africana,2013,13084.0
14956,African elephant,Loxodonta_africana,"Tanzania, United Republic Of",Africa,Loxodonta,africana,2014,15217.0
18291,African elephant,Loxodonta_africana,"Tanzania, United Republic Of",Africa,Loxodonta,africana,1995,2334.0
18291,African elephant,Loxodonta_africana,"Tanzania, United Republic Of",Africa,Loxodonta,africana,1998,2000.0
18291,African elephant,Loxodonta_africana,"Tanzania, United Republic Of",Africa,Loxodonta,africana,2000,2383.0
18291,African elephant,Loxodonta_africana,"Tanzania, United Republic Of",Africa,Loxodonta,africana,2001,1515.0
18291,African elephant,Loxodonta_africana,"Tanzania, United Republic Of",Africa,Loxodonta,africana,2004,1885.0
18291,African elephant,Loxodonta_africana,"Tanzania, United Republic Of",Africa,Loxodonta,africana,2006,1935.0
18291,African elephant,Loxodonta_africana,"Tanzania, United Republic Of",Africa,Loxodonta,africana,2009,2557.0
18319,African elephant,Loxodonta_africana,Zimbabwe,Africa,Loxodonta,africana,1980,4600.0
18319,African elephant,Loxodonta_africana,Zimbabwe,Africa,Loxodonta,africana,1981,6056.0
18319,African elephant,Loxodonta_africana,Zimbabwe,Africa,Loxodonta,africana,1982,7418.0
18319,African elephant,Loxodonta_africana,Zimbabwe,Africa,Loxodonta,africana,1983,3952.0
18319,African elephant,Loxodonta_africana,Zimbabwe,Africa,Loxodonta,africana,1984,3908.0
18319,African elephant,Loxodonta_africana,Zimbabwe,Africa,Loxodonta,africana,1986,4430.0
18319,African elephant,Loxodonta_africana,Zimbabwe,Africa,Loxodonta,africana,1987,3776.0
18319,African elephant,Loxodonta_africana,Zimbabwe,Africa,Loxodonta,africana,1989,5282.0
18319,African elephant,Loxodonta_africana,Zimbabwe,Africa,Loxodonta,africana,1991,6319.0
18319,African elephant,Loxodonta_africana,Zimbabwe,Africa,Loxodonta,africana,1993,5200.0
18319,African elephant,Loxodonta_africana,Zimbabwe,Africa,Loxodonta,africana,1995,4128.0
18319,African elephant,Loxodonta_africana,Zimbabwe,Africa,Loxodonta,africana,1996,3756.0
18319,African elephant,Loxodonta_africana,Zimbabwe,Africa,Loxodonta,africana,1998,4184.0
18319,African elephant,Loxodonta_africana,Zimbabwe,Africa,Loxodonta,africana,2001,4989.0
18319,African elephant,Loxodonta_africana,Zimbabwe,Africa,Loxodonta,africana,2007,6601.0
18319,African elephant,Loxodonta_africana,Zimbabwe,Africa,Loxodonta,africana,2009,9232.0
18321,African elephant,Loxodonta_africana,"Tanzania, United Republic Of",Africa,Loxodonta,africana,1988,21230.0
18321,African elephant,Loxodonta_africana,"Tanzania, United Republic Of",Africa,Loxodonta,africana,1990,11712.0
18321,African elephant,Loxodonta_africana,"Tanzania, United Republic Of",Africa,Loxodonta,africana,1993,19284.0
18321,African elephant,Loxodonta_africana,"Tanzania, United Republic Of",Africa,Loxodonta,africana,1996,13225.0
18321,African elephant,Loxodonta_africana,"Tanzania, United Republic Of",Africa,Loxodonta,africana,2002,24993.0
18321,African elephant,Loxodonta_africana,"Tanzania, United Republic Of",Africa,Loxodonta,africana,2006,35461.0
18321,African elephant,Loxodonta_africana,"Tanzania, United Republic Of",Africa,Loxodonta,africana,2009,31625.0
18321,African elephant,Loxodonta_africana,"Tanzania, United Republic Of",Africa,Loxodonta,africana,2013,20090.0
18322,African elephant,Loxodonta_africana,Kenya,Africa,Loxodonta,africana,1998,410.0
18322,African elephant,Loxodonta_africana,Kenya,Africa,Loxodonta,africana,1999,447.0
18322,African elephant,Loxodonta_africana,Kenya,Africa,Loxodonta,africana,2000,479.0
18322,African elephant,Loxodonta_africana,Kenya,Africa,Loxodonta,africana,2001,491.0
18322,African elephant,Loxodonta_africana,Kenya,Africa,Loxodonta,africana,2002,479.0
18322,African elephant,Loxodonta_africana,Kenya,Africa,Loxodonta,africana,2003,499.0
18322,African elephant,Loxodonta_africana,Kenya,Africa,Loxodonta,africana,2004,549.0
18322,African elephant,Loxodonta_africana,Kenya,Africa,Loxodonta,africana,2005,558.0
18322,African elephant,Loxodonta_africana,Kenya,Africa,Loxodonta,africana,2006,541.0
18322,African elephant,Loxodonta_africana,Kenya,Africa,Loxodonta,africana,2007,544.0
18322,African elephant,Loxodonta_africana,Kenya,Africa,Loxodonta,africana,2008,548.0
18322,African elephant,Loxodonta_africana,Kenya,Africa,Loxodonta,africana,2009,533.0
18322,African elephant,Loxodonta_africana,Kenya,Africa,Loxodonta,africana,2010,574.0
18322,African elephant,Loxodonta_africana,Kenya,Africa,Loxodonta,africana,2011,417.0
18325,African elephant,Loxodonta_africana,Kenya,Africa,Loxodonta,africana,2000,1807.0
18325,African elephant,Loxodonta_africana,Kenya,Africa,Loxodonta,africana,2006,1701.0
18325,African elephant,Loxodonta_africana,Kenya,Africa,Loxodonta,africana,2014,1448.0
18327,African elephant,Loxodonta_africana,"Tanzania, United Republic Of",Africa,Loxodonta,africana,2006,1718.0
18327,African elephant,Loxodonta_africana,"Tanzania, United Republic Of",Africa,Loxodonta,africana,2014,6087.0
27930,African elephant,Loxodonta_africana,Uganda,Africa,Loxodonta,africana,1996,0.07
27930,African elephant,Loxodonta_africana,Uganda,Africa,Loxodonta,africana,2005,0.35
27930,African elephant,Loxodonta_africana,Uganda,Africa,Loxodonta,africana,2008,3.46
27930,African elephant,Loxodonta_africana,Uganda,Africa,Loxodonta,africana,2014,5.23
27974,African elephant,Loxodonta_africana,Kenya,Africa,Loxodonta,africana,2007,0.17
27974,African elephant,Loxodonta_africana,Kenya,Africa,Loxodonta,africana,2010,0.11
27974,African elephant,Loxodonta_africana,Kenya,Africa,Loxodonta,africana,2013,0.11
28370,African elephant,Loxodonta_africana,Zambia,Africa,Loxodonta,africana,1980,17.8
28370,African elephant,Loxodonta_africana,Zambia,Africa,Loxodonta,africana,1981,38.9
28370,African elephant,Loxodonta_africana,Zambia,Africa,Loxodonta,africana,1982,14.6
28370,African elephant,Loxodonta_africana,Zambia,Africa,Loxodonta,africana,1983,4.91
28370,African elephant,Loxodonta_africana,Zambia,Africa,Loxodonta,africana,1984,3.99
28370,African elephant,Loxodonta_africana,Zambia,Africa,Loxodonta,africana,1985,3.64
28371,African elephant,Loxodonta_africana,Zambia,Africa,Loxodonta,africana,1980,16.9
28371,African elephant,Loxodonta_africana,Zambia,Africa,Loxodonta,africana,1981,13.4
28371,African elephant,Loxodonta_africana,Zambia,Africa,Loxodonta,africana,1982,10.3
28371,African elephant,Loxodonta_africana,Zambia,Africa,Loxodonta,africana,1983,9.8
28371,African elephant,Loxodonta_africana,Zambia,Africa,Loxodonta,africana,1984,5.84
28371,African elephant,Loxodonta_africana,Zambia,Africa,Loxodonta,africana,1985,6.96
28373,African elephant,Loxodonta_africana,Zambia,Africa,Loxodonta,africana,1980,4.57
28373,African elephant,Loxodonta_africana,Zambia,Africa,Loxodonta,africana,1981,7.39
28373,African elephant,Loxodonta_africana,Zambia,Africa,Loxodonta,africana,1982,7.1
28373,African elephant,Loxodonta_africana,Zambia,Africa,Loxodonta,africana,1983,6.81
28373,African elephant,Loxodonta_africana,Zambia,Africa,Loxodonta,africana,1984,6.18
28373,African elephant,Loxodonta_africana,Zambia,Africa,Loxodonta,africana,1985,8.65
28374,African elephant,Loxodonta_africana,Zambia,Africa,Loxodonta,africana,1980,2.16
28374,African elephant,Loxodonta_africana,Zambia,Africa,Loxodonta,africana,1981,4.05
28374,African elephant,Loxodonta_africana,Zambia,Africa,Loxodonta,africana,1982,4.32
28374,African elephant,Loxodonta_africana,Zambia,Africa,Loxodonta,africana,1983,2.43
28374,African elephant,Loxodonta_africana,Zambia,Africa,Loxodonta,africana,1984,1.35
28374,African elephant,Loxodonta_africana,Zambia,Africa,Loxodonta,africana,1985,5.68
28375,African elephant,Loxodonta_africana,Zambia,Africa,Loxodonta,africana,1982,4.75
28375,African elephant,Loxodonta_africana,Zambia,Africa,Loxodonta,africana,1983,5.34
28375,African elephant,Loxodonta_africana,Zambia,Africa,Loxodonta,africana,1984,2.95
28375,African elephant,Loxodonta_africana,Zambia,Africa,Loxodonta,africana,1985,7.32
28376,African elephant,Loxodonta_africana,Zambia,Africa,Loxodonta,africana,1980,1.42
28376,African elephant,Loxodonta_africana,Zambia,Africa,Loxodonta,africana,1981,3.78
28376,African elephant,Loxodonta_africana,Zambia,Africa,Loxodonta,africana,1982,6.76
28376,African elephant,Loxodonta_africana,Zambia,Africa,Loxodonta,africana,1983,3.51
28376,African elephant,Loxodonta_africana,Zambia,Africa,Loxodonta,africana,1984,1.89
28376,African elephant,Loxodonta_africana,Zambia,Africa,Loxodonta,africana,1985,3.78
